Message Name,Field Def #,Field Name,Field Type,Array,Components,Scale,Offset,Units,Bits,Accumulate,Ref Field Name,Ref Field Value,Comment,Products:,EXAMPLE,Global Message Number,Source
device_settings,,,,,,,,,,,,,,,,,
,8,alarms_time,date_time,[N],,,,s,,,,,,,,,7
,28,alarms_enabled,switch,[N],,,,,,,,,,,,,7
,92,alarms_repeat,uint32z,[N],,,,,,,,,,,,,7
user_profile,,,,,,,,,,,,,Add to existing,,,,
,24,year_of_birth,uint8,,,,-1900,,,,,,,,,,
,37,ltspeed,uint8,,,10,,km/h,,,,,,,,,
,41,time_last-lthr_update,date_time,,,,,s,,,,,,,,,4
,62,gender_x,gender_x,,,,,,,,,,Includes 'not specified',,,,
sport,,,,,,,,,,,,,Add to existing,,,,
,15,popularity_routing,switch,,,,,,,,,,,,,,
,17,navigation_prompt,navigation_prompt,,,,,,,,,,,,,,
,18,sharp_bend_warnings,switch,,,,,,,,,,,,,,
,21,workout_videos,switch,,,,,,,,,,,,,,
,22,high_traffic_road_warnings,switch,,,,,,,,,,,,,,
,23,road_hazard_warnings,switch,,,,,,,,,,,,,,
,24,unpaved_road_warnings,switch,,,,,,,,,,,,,,
totals,,,,,,,,,,,,,,,,,
,10,activity_profile,string,,,,,,,,,,,,,,
training_settings,,,,,,,,,,,,,In sport file,,,,
,2,virtual_partner_pace,uint16,,,1000,,m/s,,,,,,,,,
,3,auto_lap_mode,auto_lap_mode,,,,,,,,,,,,,,
,4,auto_lap_distance,uint16,,,100,,m,,,,,,,,,
,7,auto_pause,auto_pause_setting,,,,,,,,,,,,,,
,8,auto_pause_threshold,uint32,,,1000,,m/s,,,,,,,,,
,12,power_averaging,power_averaging,,,,,,,,,,,,,,
,15,auto_scroll,auto_scroll_mode,,,,,,,,,,,,,,
,18,timer_start_prompt,switch,,,,,,,,,,,,,,
,22,pool_length,uint16,,,100,,m,,,,,,,,,
,25,auto_sleep,switch,,,,,,,,,,,,,,
,27,satellites,satellites,,,,,,,,,,,,,,
,35,3_d_speed,switch,,,,,,,,,,,,,,
,36,3_d_distance,switch,,,,,,,,,,,,,,
,37,auto_climb,switch,,,,,,,,,,,,,,
,40,auto_climb_invert_colors,switch,,,,,,,,,,,,,,
,41,auto_climb_vertical_speed,sint32,,,27.778,,m/h,,,,,,,,,
,42,auto_climb_mode_switch,uint8,,,,,s,,,,,,,,,
,46,lap_key,switch,,,,,,,,,,,,,,
,50,workout_target_alerts,switch,,,,,,,,,,,,,,
,51,timer_start_auto,switch,,,,,,,,,,,,,,
,52,timer_start_speed,uint16,,,1000,,m/s,,,,,,,,,
,53,segment_alerts,switch,,,,,,,,,,,,,,
,57,countdown_start,switch,,,,,,,,,,,,,,
,63,climb_pro,switch,,,,,,,,,,,,,,
,67,track_consumption,switch,,,,,,,,,,,,,,
,69,bottle_size,uint16,,,,,,,,,,,,,,
,70,volume,volume,,,,,,,,,,,,,,
,80,minimum_ride_duration,uint16,,,,,s,,,,,,,,,
,86,lane_number,uint8,,,,,,,,,,,,,,
,87,broadcast_heart_rate,switch,,,,,,,,,,,,,,
,93,self_evaluation,self_evaluation_status,,,,,,,,,,,,,,
,102,speed_pro,switch,,,,,,,,,,,,,,
,103,touch,touch_status,,,,,,,,,,,,,,
,106,record_temperature,switch,,,,,,,,,,,,,,
,109,running_power_mode,running_power_mode,,,,,,,,,,,,,,
,110,account_for_wind,switch,,,,,,,,,,,,,,
,111,climb_pro_mode,climb_pro_mode,,,,,,,,,,,,,,
,117,climb_detection,climb_detection,,,,,,,,,,,,,,
,119,climb_pro_terrain,climb_pro_terrain,,,,,,,,,,,,,,
,1001,gps,switch,,,,,,,,,,,,,,
,1002,glonass,switch,,,,,,,,,,,,,,
,1003,galileo,switch,,,,,,,,,,,,,,
,1004,beidou,switch,,,,,,,,,,,,,,
data_screen,,,,,,,,,,,,,In sport file,,,14,
,3,nr_fields,uint8,,,,,,,,,,,,,,
,7,data_fields,data_fields,,,,,,,,,,,,,,
,8,layout,uint8,,,,,,,,,,,,,,
,9,position,uint8,,,,,,,,,,,,,,
,10,screen_type,screen_type,,,,,,,,,,,,,,
alert,,,,,,,,,,,,,In sport file,,,16,
,1,metric,alert_metric,,,,,,,,,,,,,,
,2,value,uint32,,,,,,,,,,,,,,
,,time,uint32,,,1000,,s,,,metric,time,,,,,
,,distance,uint32,,,100,,m,,,"metric,metric,metric","distance,ascent,descent",,,,,
,,calories,uint32,,,,,kcal,,,metric,calories,,,,,
,3,status,switch,,,,,,,,,,,,,,
,4,message,string,,,,,,,,,,,,,,
,5,repeat,switch,,,,,,,,,,,,,,
range_alert,,,,,,,,,,,,,In sport file,,,17,
,1,metric,zone_metric,,,,,,,,,,,,,,
,2,low_status,alert_zone,,,,,,,,,,,,,,
,3,low_value,uint16,,,,,,,,,,,,,,
,,heart_rate,uint16,,,,,bpm,,,metric,heart_rate,,,,,
,,speed,uint16,,,1000,,m/s,,,metric,speed,,,,,
,,cadence,uint16,,,,,rpm,,,metric,cadence,,,,,
,,power,uint16,,,,,watts,,,metric,power,,,,,
,,elevation,uint16,,,5,500,m/s,,,metric,elevation,,,,,
,4,high_status,alert_zone,,,,,,,,,,,,,,
,5,high_value,uint16,,,,,,,,,,,,,,
,,heart_rate,uint16,,,,,bpm,,,metric,heart_rate,,,,,
,,speed,uint16,,,1000,,m/s,,,metric,speed,,,,,
,,cadence,uint16,,,,,rpm,,,metric,cadence,,,,,
,,power,uint16,,,,,watts,,,metric,power,,,,,
,,elevation,uint16,,,5,500,m/s,,,metric,elevation,,,,,
session,,,,,,,,,,,,,Add to existing,,,,
,78,work_time,uint32,,,1000,,s,,,,,,,,,
,79,avg_swim_cadence,uint16,,,10,,strokes/length,,,,,,,,,
,80,avg_swolf,uint16,,,,,,,,,,,,,,
,107,front_shifts?,uint16,,,,,,,,,,,,,,7
,108,rear_shifts?,uint16,,,,,,,,,,,,,,7
,151,total_sets,uint16,,,,,,,,,,,,,,
,152,volume,uint32,,,100,,kg,,,,,,,,,
,177,calories_consumed,uint16,,,,,,,,,,,,,,7
,178,est_sweat_loss,uint16,,,,,ml,,,,,,,,,
,179,fluid_consumed,uint16,,,,,ml,,,,,,,,,7
,185,execution_score,uint8,,,,,percent,,,,,,,,,
,188,primary_benefit,benefit,,,,,,,,,,,,,,
,196,resting_calories,uint16,,,,,kcal,,,,,,,,,
,202,recovery_heart_rate,uint8,,,,,,,,,,,,,,
,205,beginning_potential,uint8,,,,,,,,,,,,,,
,206,ending_potential,uint8,,,,,,,,,,,,,,
,207,min_stamina,uint8,,,,,,,,,,,,,,
,211,grade_adjusted_speed,uint32,,,1000,,m/s,,,,,,,,,
,212,wind_data,wind_data_status,,,,,,,,,,,,,,
,215,beginning_body_battery,uint8,,,,,,,,,,,,,,
,216,ending_body_battery,uint8,,,,,,,,,,,,,,
,220,pack_weight,uint16,,,10,,kg,,,,,,,,,
,222,step_speed_loss_distance,uint16,,,100,,cm/s,,,,,,,,,3
,223,step_speed_loss_percent,uint16,,,100,,%,,,,,,,,,3
,224,avg_force,sint32,,,1000,,N,,,,,,,,,
,225,max_force,sint32,,,1000,,N,,,,,,,,,
,226,normalized_force,sint32,,,1000,,N,,,,,,,,,
lap,,,,,,,,,,,,,Add to existing,,,,
,27,nec_lat,sint32,,,,,semicircles,,,,,,,,,
,28,nec_long,sint32,,,,,semicircles,,,,,,,,,
,29,swc_lat,sint32,,,,,semicircles,,,,,,,,,
,30,swc_long,sint32,,,,,semicircles,,,,,,,,,
,73,avg_swolf,uint16,,,,,,,,,,,,,,
,145,est_sweat_loss,uint16,,,,,,,,,,,,,,
,152,execution_score,uint8,,,,,percent,,,,,,,,,
,155,resting_calories,uint16,,,,,kcal,,,,,,,,,
,161,grade_adjusted_speed,uint32,,,1000,,m/s,,,,,,,,,
,163,unpaved,uint8,,,,,percent,,,,,,,,,
,164,step_speed_loss_distance,uint16,,,100,,cm/s,,,,,,,,,3
,165,step_speed_loss_percentage,uint16,,,100,,%,,,,,,,,,3
,166,avg_force,sint32,,,1000,,N,,,,,,,,,
,167,max_force,sint32,,,1000,,N,,,,,,,,,
,168,normalized_force,sint32,,,1000,,N,,,,,,,,,
record,,,,,,,,,,,,,Add to existing,,,,
,90,performance_condition,sint8,,,,,,,,,,,,,,
,121,total_ascent,uint16,,,,,m,,,,,,,,,
,136,wrist_heart_rate,uint8,,,,,bpm,,,,,,,,,
,137,stamina_potential,uint8,,,,,,,,,,,,,,
,138,stamina,uint8,,,,,,,,,,,,,,
,140,grade_adjusted_speed,uint32,,,1000,,m/s,,,,,,,,,11
,143,body_battery,uint8,,,,,,,,,,,,,,
,144,external_heart_rate,uint8,,,,,bpm,,,,,,,,,
,146,step_speed_loss_distance,uint16,,,100,,cm/s,,,,,,,,,3
,147,step_speed_loss_percentage,uint16,,,100,,%,,,,,,,,,3
,148,force,sint32,,,1000,,N,,,,,,,,,13
event,,,,,,,,,,,,,,,,,
,3,data,uint32,,,,,,,,,,,,,,
,,performance_condition,uint16,,,,100,,,,event,performance_condition_alert,,,,,
,,recovery_hr,uint8,,,,,bpm,,,event,recovery_hr,,,,,
,,some_timestamp,local_date_time,,,,,s,,,event,sleep_event,,,,,
device_used,,,,,,,,,,,,,Devices used for metric,,,22,4
,0,speed,device_index,,,,,,,,,,,,,,4
,1,distance,device_index,,,,,,,,,,,,,,4
,2,cadence,device_index,,,,,,,,,,,,,,4
,3,elevation,device_index,,,,,,,,,,,,,,4
,4,heart_rate,device_index,,,,,,,,,,,,,,4
,6,power,device_index,,,,,,,,,,,,,,4
workout,,,,,,,,,,,,,Add to existing,,,,
,9,duration_type,wkt_step_duration,,,,,,,,,,,,,,
,10,duration_value,uint32,,,,,,,,,,,,,,
,,duration_time,uint32,,,1000,,s,,,"duration_type,duration_type","time,repetition_time",,,,,
,,duration_distance,uint32,,,100,,m,,,duration_type,distance,,,,,
,,duration_hr,workout_hr,,,,,% or bpm,,,"duration_type,duration_type","hr_less_than,hr_greater_than",,,,,
,,duration_calories,uint32,,,,,calories,,,duration_type,calories,,,,,
,,duration_step,uint32,,,,,,,,"duration_type,duration_type,duration_type,duration_type,duration_type,duration_type,duration_type,duration_type","repeat_until_steps_cmplt,repeat_until_time,repeat_until_distance,repeat_until_calories,repeat_until_hr_less_than,repeat_until_hr_greater_than,repeat_until_power_less_than,repeat_until_power_greater_than",,,,,
,,duration_power,workout_power,,,,,% or watts,,,"duration_type,duration_type","power_less_than,power_greater_than",,,,,
,,duration_reps,uint32,,,,,,,,duration_type,reps,,,,,
,17,notes,string,,,,,,,,,,,,,,
,20,workout_index,uint16,,,,,,,,,,,,,,
,21,time,uint32,,,1000,,s,,,,,,,,,3
,22,distance,uint32,,,100,,m,,,,,,,,,3
workout_step,,,,,,,,,,,,,Add to existing,,,,
,18,skip_last_recover,yes_no,,,,,,,,,,,,,,8
,31,workout_index,uint16,,,,,,,,,,,,,,
location,,,,,,,,,,,,,In locations file,,,29,
,0,name,string,,,,,,,,,,,,,,
,1,position_lat,sint32,,,,,semicircles,,,,,,,,,
,2,position_long,sint32,,,,,semicircles,,,,,,,,,
,3,symbol,map_symbol,,,,,,,,,,,,,,
,4,altitude,uint16,,enhanced_altitude,5,500,m,16,,,,,,,,
,5,enhanced_altitude,uint32,,,5,500,m,,,,,,,,,
,6,description,string,,,,,,,,,,,,,,
map_layer,,,,,,,,,,,,,In sport file,,,70,
,2,relief_shading,relief_shading,,,,,,,,,,,,,,
,11,orientation,orientation,,,,,,,,,,,,,,
,13,user_locations,visibility_status,,,,,,,,,,,,,,
,14,auto_zoom,switch,,,,,,,,,,,,,,
,15,guide_text,guide_text,,,,,,,,,,,,,,
,16,track_log,visibility_status,,,,,,,,,,,,,,
,20,courses,courses,,,,,,,,,,,,,,
,23,spot_soundings,switch,,,,,,,,,,,,,,
,24,light_sectors,light_sectors_status,,,,,,,,,,,,,,
,27,segments,visibility_status,,,,,,,,,,,,,,
,28,contours,visibility_status,,,,,,,,,,,,,,
,29,some_label,string,,,,,,,,,,,,,,
,31,popularity,switch,,,,,,,,,,,,,,
routing,,,,,,,,,,,,,In sport file,,,71,
,0,routing_mode,routing_mode,,,,,,,,,,,,,,
,1,calculation_method,calculation_method,,,,,,,,,,,,,,
,2,lock_on_road,switch,,,,,,,,,,,,,,
,3,avoidances,avoidances,,,,,,,,,,,,,,
,4,route_recalculation,route_recalculation,,,,,,,,,,,,,,
,5,type,routing_type,,,,,,,,,,,,,,
,7,course_recalculation,course_recalculation,,,,,,,,,,,,,,
user_metrics,,,,,,,,,,,,,In activity file,,,79,
,0,vo2_max,uint32,,,292.5714286,,ml/kg/min,,,,,Scale = 1024 / 3.5,,,,3
,1,age,uint8,,,,,yrs,,,,,,,,,
,2,height,uint8,,,100,,m,,,,,,,,,
,3,weight,uint16,,,10,,kg,,,,,,,,,
,4,gender,gender,,,,,,,,,,,,,,
,6,max_hr,uint8,,,,,bpm,,,,,,,,,
,8,remaining_recovery_time,uint16,,,,,min,,,,,,,,,
,11,lthr,uint8,,,,,bpm,,,,,,,,,
,12,ltpower,uint8,,,,,watts,,,,,,,,,
,13,ltspeed,uint8,,,10,,km/h,,,,,,,,,
,15,beginning_body_battery,uint8,,,,,,,,,,,,,,
,16,start_of_activity,date_time,,,,,s,,,,,,,,,
,19,first_vo2_max,sint32,,,18724.57143,,ml/kg/min,,,,,vo2 max of first activity if close together,,,,
,32,beginning_potential,uint8,,,,,,,,,,,,,,
,35,end_of_previous_activity,date_time,,,,,s,,,,,,,,,
,39,wake_up_time,date_time,,,,,s,,,,,,,,,
device_info,,,,,,,,,,,,,,,,,
,24,ant_id,ant_channel_id,,,,,,,,,,,,,,4
device_status,,,,,,,,,,,,,In activity file,,,104,
,0,battery_voltage,uint16,,,1000,,V,,,,,,,,,4
,2,battery_level,uint8,,,,,percent,,,,,,,,,
,3,temperature,sint8,,,,,°C,,,,,,,,,
,253,timestamp,date_time,,,,,s,,,,,,,,,
best_effort,,,,,,,,,,,,,In records file,,,113,
,1,sport,sport,,,,,,,,,,,,,,
,2,distance,uint32,,,100,,m,,,,,,,,,
,3,time,uint32,,,1000,,s,,,,,,,,,
,4,start_time,date_time,,,,,s,,,,,,,,,
,5,personal_record,yes_no,,,,,,,,,,,,,,
personal_record,,,,,,,,,,,,,,,,114,
,0,metric,record_metric,,,,,,,,,,,,,,
,1,sport,sport,,,,,,,,,,,,,,
,2,distance,uint32,,,100,,m,,,,,,,,,
,5,record,uint32,,,,,,,,,,,,,,
,,time,uint32,,,1000,,s,,,metric,time,,,,,
,,distance,uint32,,,100,,m,,,metric,distance,,,,,
,,ascent,uint32,,,,,m,,,metric,ascent,,,,,
,,power,uint32,,,,,watts,,,metric,power,,,,,
activity_metrics,,,,,,,,,,,,,In activity file,,,140,
,1,new_hr_max,uint8z,,,,,,,,,,Invalid if 0,,,,
,4,aerobic_training_effect,uint8,,,10,,,,,,,,,,,
,7,vo2_max,uint32z,,,18724.57143,,ml/kg/min,,,,,"Scale = 65536 / 3.5, Invalid if 0",,,,1
,9,recovery_time,uint16,,,,,min,,,,,,,,,1
,11,sport,sport,,,,,,,,,,,,,,
,14,lthr,uint8,,,,,bpm,,,,,,,,,1
,15,ltpower,uint8,,,,,watts,,,,,,,,,1
,16,ltspeed,uint8,,,10,,km/h,,,,,,,,,
,17,ending_performance_condition,uint8,,,,,,,,,,,,,,
,20,anaerobic_training_effect,uint8,,,10,,,,,,,,,,,
,25,ending_body_battery,uint8,,,,,,,,,,,,,,
,29,first_vo2_max,uint32z,,,18724.57143,,ml/kg/min,,,,,"vo2 max of first activity if close together, Invalid if 0",,,,3
,35,time?,uint32,,,1000,,s,,,,,,,,,
,36,distance?,uint32,,,100,,m,,,,,,,,,
,37,training_load_peak_1?,sint32,,,65536,,,,,,,,,,,
,39,training_load_peak_2?,sint32,,,65536,,,,,,,,,,,
,41,primary_benefit,benefit,,,,,,,,,,,,,,
,48,local_timestamp,local_date_time,,,,,s,,,,,,,,,
,50,ending_potential,uint8,,,,,,,,,,,,,,
,60,total_ascent,uint16,,,,,m,,,,,,,,,
,61,total_descent,uint16,,,,,m,,,,,,,,,
,62,average_power,uint16,,,,,watts,,,,,,,,,
,63,average_heartrate,uint8,,,,,bpm,,,,,,,,,
multisport_settings,,,,,,,,,,,,,In multi_sport file,,,143,
,0,name,string,,,,,,,,,,,,,,
,1,transitions,switch,,,,,,,,,,,,,,
,2,number_of_activities,uint8,,,,,,,,,,,,,,
,3,auto_pause,allow,,,,,,,,,,,,,,
,4,alerts,allow,,,,,,,,,,,,,,
,5,auto_lap,allow,,,,,,,,,,,,,,
,6,power_save_timeout,power_save_timeout,,,,,,,,,,,,,,
,7,auto_scroll,allow,,,,,,,,,,,,,,
,8,repeat,switch,,,,,,,,,,,,,,
,10,sport_change,sport_change,,,,,,,,,,,,,,
multisport_activity,,,,,,,,,,,,,In multi_sport file,,,144,
,0,sport,sport,,,,,,,,,,,,,,
,1,sub_sport,sub_sport,,,,,,,,,,,,,,
,2,lock_device,switch,,,,,,,,,,,,,,
,3,name,string,,,,,,,,,,,,,,
sensor_settings,,,,,,,,,,,,,,,,147,
,0,ant_id,ant_channel_id,,,,,,,,,,,,,,4
,2,name,string,,,,,,,,,,,,,,
,10,wheel_size_manual,uint16,,,,,mm,,,,,,,,,
,11,calibration_factor,uint16,,,10,,,,,,,,,,,
,21,wheel_size_auto,uint16,,,,,mm,,,,,,,,,
,32,product,uint16,,,,,,,,,,,,,,
,,favero_product,favero_product,,,,,,,,manufacturer,favero_electronics,,,,,
,,garmin_product,garmin_product,,,,,,,,"manufacturer,manufacturer,manufacturer,manufacturer","garmin,dynastream,dynastream_oem,tacx",,,,,
,33,manufacturer,manufacturer,,,,,,,,,,,,,,
,45,use_for_speed,use_status,,,,,,,,,,,,,,
,46,use_for_distance,use_status,,,,,,,,,,,,,,
,51,connection_type,connection_type,,,,,,,,,,,,,,
,52,sensor_type,sensor_type,,,,,,,,,,,,,,10
,91,product_name,string,,,,,,,,,,,,,,
metronome,,,,,,,,,,,,,,,,152,
,0,enabled,switch,,,,,,,,,,,,,,
,1,beats_per_minute,uint8,,,,,bpm,,,,,,,,,
,2,alert_frequency,uint8,,,,,,,,,,,,,,
,3,sound_and_vibe,sound_and_vibe,,,,,,,,,,,,,,
connect_iq_field,,,,,,,,,,,,,In sport file,,,170,
,1,app_id,byte,[N],,,,,,,,,,,,,
,2,data_field,uint32,,"screen_id,field_bits",,,,"6,8",,,,,,,,
,100,screen_id,uint8,,,,,,,,,,,,,,
,101,field_bits,bits,,,,,,,,,,,,,,
clubs,,,,,,,,,,,,,In clubs file,,,173,
,6,average_distance,uint32,,,100,,m,,,,,,,,,
,19,max_distance,uint32,,,100,,m,,,,,,,,,
waypoint_handling,,,,,,,,,,,,,,,,189,5
,0,action,waypoint_action,,,,,,,,,,,,,,
golf_course,,,,,,,,,,,,,In score_card file,,,190,
,0,course_id,uint32,,,,,,,,,,,,,,
,1,name,string,,,,,,,,,,,,,,
,2,local_time,local_date_time,,,,,s,,,,,,,,,
,3,start_time,date_time,,,,,s,,,,,,,,,
,4,end_time,date_time,,,,,s,,,,,,,,,
,8,out,uint8,,,,,,,,,,,,,,
,9,in,uint8,,,,,,,,,,,,,,
,10,total,uint8,,,,,,,,,,,,,,
,11,tee,string,,,,,,,,,,,,,,
,12,slope,uint8,,,,,,,,,,,,,,
,21,rating,float_32,,,,,,,,,,,,,,
golf_stats,,,,,,,,,,,,,In score_card file,,,191,
,0,name,string,,,,,,,,,,,,,,
,2,out,uint8,,,,,,,,,,,,,,
,3,in,uint8,,,,,,,,,,,,,,
,4,total,uint8,,,,,,,,,,,,,,
,7,fairway_hit,uint8,,,,,,,,,,,,,,
,8,gir,uint8,,,,,,,,,,,,,,
,9,putts,uint8,,,,,,,,,,,,,,
score,,,,,,,,,,,,,In score_card file,,,192,
,1,hole_number,uint8,,,,,,,,,,,,,,
,2,score,uint8,,,,,,,,,,,,,,
,5,putts,sint8,,,,,,,,,,,,,,
,6,fairway,fairway,,,,,,,,,,,,,,
hole,,,,,,,,,,,,,In score_card file,,,193,
,0,hole_number,uint8,,,,,,,,,,,,,,
,1,distance,uint16,,,100,,m,,,,,,,,,
,2,par,uint8,,,,,,,,,,,,,,
,3,handicap,uint8,,,,,,,,,,,,,,
,4,position_lat,sint32,,,,,semicircles,,,,,,,,,
,5,position_long,sint32,,,,,semicircles,,,,,,,,,
shot,,,,,,,,,,,,,In score_card file,,,194,
,1,hole_number,uint8,,,,,,,,,,,,,,
,2,start_position_lat,sint32,,,,,semicircles,,,,,,,,,
,3,start_position_long,sint32,,,,,semicircles,,,,,,,,,
,4,end_position_lat,sint32,,,,,semicircles,,,,,,,,,
,5,end_position_long,sint32,,,,,semicircles,,,,,,,,,
,7,club_type,uint32,,,,,,,,,,,,,,
stress_level,,,,,,,,,,,,,Add to existing,,,,
,3,body_battery,uint8,,,,,,,,,,,,,,
alarm_settings,,,,,,,,,,,,,In settings,,,222,7
,0,time,uint16,,,,,min,,,,,,,,,
,1,repeat,alarm_repeat,,,,,,,,,,,,,,
,2,enabled,switch,,,,,,,,,,,,,,
,3,sound,sound_and_vibe,,,,,,,,,,,,,,
,4,backlight,switch,,,,,,,,,,,,,,
,5,time_created,date_time,,,,,s,,,,,,,,,
,8,label,alarm_label,,,,,,,,,,,,,,
,11,time_updated,date_time,,,,,s,,,,,,,,,
music_info,,,,,,,,,,,,,,,,243,4
,0,start_time,date_time,,,,,s,,,,,,,,,
,2,title,string,,,,,,,,,,,,,,
,3,artist,string,,,,,,,,,,,,,,
,4,genre,string,,,,,,,,,,,,,,
,5,duration,uint16,,,,,s,,,,,,,,,
sleep_data_info,,,,,,,,,,,,,,,,273,7
,1,sample_length,uint16,,,,,s,,,,,,,,,
,2,local_timestamp,local_date_time,,,,,s,,,,,,,,,
,4,version,string,,,,,,,,,,,,,,
,,,,,,,,,,,,,,,,,
,,,,,,,,,,,,,,,,,
,,,,,,,,,,,,,,,,,
mtb_cx,,,,,,,,,,,,,In sport file,,,309,
,1,grit_flow_jump_recording,switch,,,,,,,,,,,,,,
,2,jump_alerts,switch,,,,,,,,,,,,,,
race,,,,,,,,,,,,,In pace_band file,,,310,
,3,goal_time,uint32,,,1000,,s,,,,,,,,,
,4,goal_speed,uint32,,,1000,,m/s,,,,,,,,,
,5,distance,uint32,,,100,,m,,,,,,,,,
,7,split_distance,uint32,,,100,,m,,,,,,,,,
split_time,,,,,,,,,,,,,In pace_band file,,,311,
,0,time,uint32,,,1000,,s,,,,,,,,,
,1,distance,uint32,,,100,,m,,,,,,,,,
,2,split_time,uint32,,,1000,,s,,,,,,,,,
,3,split_distance,uint32,,,100,,m,,,,,,,,,
,4,split_speeds,uint32,,,1000,,m/s,,,,,,,,,
,9,start_position_lat,sint32,,,,,semicircles,,,,,,,,,
,10,start_position_long,sint32,,,,,semicircles,,,,,,,,,
,11,end_position_lat,sint32,,,,,semicircles,,,,,,,,,
,12,end_position_long,sint32,,,,,semicircles,,,,,,,,,
,13,start_altitude,uint32,,,5,500,m,,,,,,,,,
,14,end_altitude,uint32,,,5,500,m,,,,,,,,,
split,,,,,,,,,,,,,,,,312,
,7,start_distance,uint32,,,100,,m,,,,,,,,,9
,11,sport,sport,,,,,,,,,,,,,,9
,12,sub_sport,sub_sport,,,,,,,,,,,,,,9
,15,avg_heart_rate,uint8,,,,,bpm,,,,,,,,,9
,16,max_heart_rate,uint8,,,,,bpm,,,,,,,,,9
,32,avg_temperature,sint8,,,,,C,,,,,,,,,
,33,max_temperature,sint8,,,,,C,,,,,,,,,
,34,min_temperature,sint8,,,,,C,,,,,,,,,
,35,avg_vertical_oscillation,uint16,,,10,,mm,,,,,,,,,
,37,avg_stance_time,uint16,,,10,,ms,,,,,,,,,
,36,avg_vertical_ratio,uint16,,,100,,percent,,,,,,,,,
,39,avg_step_length,uint16,,,10,,mm,,,,,,,,,
,38,avg_stance_time_balance,uint16,,,100,,percent,,,,,,,,,
,40,avg_power,uint16,,,,,watts,,,,,total_power / total_timer_time if non_zero_avg_power otherwise total_power / total_elapsed_time,,,,9
,41,max_power,uint16,,,,,watts,,,,,,,,,9
,42,normalized_power,uint16,,,,,watts,,,,,,,,,
,67,lap_index,,,,,,,,,,,,,,,9
,79,resting_calories,uint16,,,,,kcal,,,,,,,,,9
,93,grade_adjusted_speed,uint32,,,1000,,m/s,,,,,,,,,
,107,beginning_potential,uint8,,,,,,,,,,,,,,
,108,ending_potential,uint8,,,,,,,,,,,,,,
,109,min_stamina,uint8,,,,,,,,,,,,,,
,130,step_speed_loss_distance,uint16,,,100,,cm/s,,,,,,,,,3
,131,step_speed_loss_percentage,uint16,,,100,,%,,,,,,,,,3
split_summary,,,,,,,,,,,,,,,,313,
,253,timestamp,date_time,,,,,s,,,,,,,,,
,20,avg_vertical_oscillation,uint16,,,10,,mm,,,,,,,,,
,21,avg_vertical_ratio,uint16,,,100,,percent,,,,,,,,,
,22,avg_stance_time,uint16,,,10,,ms,,,,,,,,,
,24,avg_step_length,uint16,,,10,,mm,,,,,,,,,
,25,avg_power,uint16,,,,,watts,,,,,total_power / total_timer_time if non_zero_avg_power otherwise total_power / total_elapsed_time,,,,
,26,max_power,uint16,,,,,watts,,,,,,,,,
,27,normalized_power,uint16,,,,,watts,,,,,,,,,
,60,max_split_distance,uint32,,,100,,m,,,,,,,,,
,64,resting_calories,uint16,,,,,kcal,,,,,,,,,9
,79,first_start_time,date_time,,,,,s,,,,,,,,,9
,83,step_speed_loss_distance,uint16,,,100,,cm/s,,,,,,,,,3
,84,step_speed_loss_percentage,uint16,,,100,,%,,,,,,,,,3
power_mode,,,,,,,,,,,,,In sport file,,,321,
,0,low_battery_alert,uint32,,,,,s,,,,,,,,,
,1,default_mode,sint32,,,,,,,,,,,,,,
,3,auto_enable_time,uint32,,,,,s,,,,,,,,,
gps_event,,,,,,,,,,,,,In activity file,,,326,
,0,event_type,gps_type,,,,,,,,,,,,,,
,1,data,uint16,,,,,,,,,,,,,,
,,gps_mode,gps_mode,,,,,,,,event_type,mode_change,,,,,
,100,gps_1,switch,,,,,,,,,,,,,,
,101,glonass,switch,,,,,,,,,,,,,,
,102,unknown_1,uint8,,,,,,,,,,,,,,
,104,qzss_1,switch,,,,,,,,,,,,,,
,105,unknown_2,uint8,,,,,,,,,,,,,,
,106,galileo_1,switch,,,,,,,,,,,,,,
,107,beidou_1,switch,,,,,,,,,,,,,,
,108,auto_select,switch,,,,,,,,,,,,,,
,109,unknown_3,uint8,,,,,,,,,,,,,,
,110,gpsgalileobeidou_5,bits,,,,,,,,,,,,,,
,113,qzss_5,switch,,,,,,,,,,,,,,
functional_metrics,,,,,,,,,,,,,,,,356,7
,4,functional_threshold_power,uint16,,,,,watts,,,,,,,,,
,7,running_lactate_threshold_power,uint16,,,,,watts,,,,,,,,,
,8,running_lactate_threshold_hr,,,,,,bpm,,,,,,,,,
,9,cycling_lactace_threshold_hr,,,,,,bpm,,,,,,,,,
race_event,,,,,,,,,,,,,In activity file,,,358,
,1,event_id,string,,,,,,,,,,,,,,
,2,start_time,date_time,,,,,s,,,,,,,,,
,3,local_timestamp,local_date_time,,,,,s,,,,,,,,,
,4,name,string,,,,,,,,,,,,,,
,5,location,string,,,,,,,,,,,,,,
,6,start_point_lat,sint32,,,,,semicircles,,,,,,,,,
,7,start_point_long,sint32,,,,,semicircles,,,,,,,,,
,10,distance,uint32,,,100,,m,,,,,,,,,
,12,target_time,uint32,,,1000,,s,,,,,,,,,
,24,city,string,,,,,,,,,,,,,,
,26,country,string,,,,,,,,,,,,,,
training_readiness,,,,,,,,,,,,,,,,369,7
,0,training_readiness,uint8,,,,,,,,,,,,,,
,1,level,training_readiness_level,,,,,,,,,,,,,,
,20,local_timestamp,local_date_time,,,,,s,,,,,,,,,
training_load,,,,,,,,,,,,,,,,378,7
,3,acute_training_load,uint16,,,,,,,,,,,,,,
,4,chronic_training_load,uint16,,,,,,,,,,,,,,
sleep_schedule,,,,,,,,,,,,,In settings file,,,379,
,0,bed_time,,,,,,s,,,,,,,,,
,1,wake_time,,,,,,s,,,,,,,,,
sleep_restless_moments,,,,,,,,,,,,,,,,382,7
,1,restless_moments_count,,,,,,,,,,,,,,,
,2,durations,,,,,,s,,,,,Ignore last value of 251,,,,
workout_schedule,,,,,,,,,,,,,In activity file,,,428,
,1,workout_index,uint16,,,,,,,,,,,,,,
,3,est_benefit,benefit,,,,,,,,,,,,,,
,5,est_aerobic_te,uint8,,,10,,,,,,,,,,,
,6,est_anaer_te,uint8,,,10,,,,,,,,,,,
,7,sport,sport,,,,,,,,,,,,,,
,9,duration,uint32,,,1000,,s,,,,,,,,,
epo_status,,,,,,,,,,,,,Extended Prediction Orbit,,,141,4
,0,status,epo_cpe_status,,,,,,,,,,,,,,
,1,start_time,date_time,,,,,s,,,,,,,,,
,2,end_time,date_time,,,,,s,,,,,,,,,
open_water_event,,,,,,,,,,,,,Events for Open Water Swimming,,,89,
,253,timestamp,date_time,,,,,s,,,,,,,,,
,0,event_type,open_water_event_type,,,,,,,,,,,,,,
,1,field_1?,bits,,,,,,,,,,,,,,
,5,swim_stroke,swim_stroke,,,,,,,,,,,,,,
mesg_233?,,,,,,,,,,,,,,,,233,
,2,values?,byte,,,,,,,,,,,,,,
mesg_288?,,,,,,,,,,,,,,,,288,
,0,number?,sint8,,,,,,,,,,,,,,
,1,value?,sint8,,,,,,,,,,,,,,
mesg_324?,,,,,,,,,,,,,,,,324,
,1,value?,uint8,,,,,,,,,,,,,,
,2,list?,byte,,,,,,,,,,,,,,
mesg_325?,,,,,,,,,,,,,,,,325,
,0,field_0?,uint8,,,,,,,,,,,,,,
,1,field_1?,uint8,,,,,,,,,,,,,,
,2,field_2?,uint8,,,,,,,,,,,,,,
,3,field_3?,uint8,,,,,,,,,,,,,,
,4,field_4?,uint8,,,,,,,,,,,,,,
,5,field_5?,uint8,,,,,,,,,,,,,,
mesg_327?,,,,,,,,,,,,,,,,327,
,0,field_0?,uint8,,,,,,,,,,,,,,
,1,field_1?,uint8,,,,,,,,,,,,,,
,2,field_2?,uint8,,,,,,,,,,,,,,
,3,field_3?,uint32,,,,,,,,,,,,,,
,4,field_4?,byte,,,,,,,,,,,,,,
,5,field_5?,uint32,,,,,,,,,,,,,,
,6,field_6?,enum,,,,,,,,,,,,,,
ecg_summary,,,,,,,,,,,,,,,,336,7
,2,raw_sample_rate,float32,,,,,,,,,,,,,,
,3,smooth_sample_rate,float32,,,,,,,,,,,,,,
,4,ecg_timestamp,date_time,,,,,s,,,,,,,,,
,5,local_timestamp,local_date_time,,,,,s,,,,,,,,,
,7,average_heart_rate,float32,,,,,bpm,,,,,,,,,
,11,sample_time,int32,,,,,s,,,,,,,,,
,12,sdrr_hrv,int8,,,,,ms,,,,,,,,,
ecg_raw_sample,,,,,,,,,,,,,,,,337,7
,0,value,float32,,,,,,,,,,,,,,
ecg_smooth_sample,,,,,,,,,,,,,,,,338,7
,0,value,float32,,,,,,,,,,,,,,
cpe_status,,,,,,,,,,,,,Connected Predictive Ephemeris,,,394,7
,0,status,epo_cpe_status,,,,,,,,,,,,,,
,1,start_time,date_time,,,,,s,,,,,,,,,
,2,end_time,date_time,,,,,s,,,,,,,,,
hill_score,,,,,,,,,,,,,,,,402,7
,0,hill_score,uint8,,,,,,,,,,,,,,
,1,hill_strength,uint8,,,,,,,,,,,,,,
,2,hill_endurance,uint8,,,,,,,,,,,,,,
,4,level,hill_score_level,,,,,,,,,,,,,,
endurance_score,,,,,,,,,,,,,,,,403,7
,0,endurance_score,uint16,,,,,,,,,,,,,,
,1,level,endurance_score_level,,,,,,,,,,,,,,
,3,lower_bound_intermediate,uint16,,,,,,,,,,,,,,
,4,lower_bound_trained,uint16,,,,,,,,,,,,,,
,5,lower_bound_well_trained,uint16,,,,,,,,,,,,,,
,6,lower_bound_expert,uint16,,,,,,,,,,,,,,
,7,lower_bound_superior,uint16,,,,,,,,,,,,,,
,8,lower_bound_elite,uint16,,,,,,,,,,,,,,
nap,,,,,,,,,,,,,,,,412,
,0,start_time,date_time,,,,,s,,,,,,,,,7
,1,start_tz_offset,sint16,,,,,min,,,,,,,,,
,2,end_time,date_time,,,,,s,,,,,,,,,7
,3,end_tz_offset,sint16,,,,,min,,,,,,,,,
,7,timestamp_7,date_time,,,,,s,,,,,,,,,7
,,,,,,,,,,,,,,,,,
msg_432?,,,,,,,,,,,,,In metrics file,,,432,
,253,timestamp,date_time,,,,,s,,,,,,,,,
,0,field_0?,uint32,,,,,,,,,,,,,,
,1,field_1?,uint32,,,,,,,,,,,,,,